"name","address","image"
"Vịnh Hạ Long","Quảng Ninh","https://lh3.googleusercontent.com/proxy/jvdY-yP2FM6f1dnII35Gmlf8yg6Zgg1thmaqX4Wg7LfXazCZ2UqRSN44-8EYazHm7YIPLTMVmYT_GIxmm43qRGOkPVj1FoJ8cn9I9PmFFaPYgaXZE1kvApjx8MaUZplYFjXyYwTNGGJh1-bJdXAnbT6eSAE=w100-h134-n-k-no"
"Phú Quốc","Kiên Giang","https://lh5.googleusercontent.com/proxy/SCxYH2vjxZYC0zD_tHmlOnYhF41nDFQAOEUfDNvkE-QvniWYKtlic9261hWx0YO81jsAha-WtGm5s5gRpNpRgNusIPBue1pmQo6BhhG09pmSbWByQrSeOIGSBeGQ_TV7eqR_JRwVhkGGwrtD2ynjs9c3i2k=w100-h134-n-k-no"
"Địa đạo Củ Chi","TL15, Phú Hiệp, Hồ Chí Minh, 733814","https://lh3.googleusercontent.com/proxy/tWbIjbeRJzW1Ujc85-FAsb630RPsP9MnfWrzvecqbU7bqThHst5NWtrucqgbLb00IHJFS_T6Mn3jcqX5R7N0Iro7Lu_czqngW6fRtg_PT_3Uwv4qC4gqUoXgJjU4txCRr5Hiq8Wm_eegd9TzfD7weTe-cT4=w100-h134-n-k-no"
"Kinh thành Huế","Thành phố Huế, Thừa Thiên Huế","https://lh5.googleusercontent.com/proxy/pQ6oCnX5wckeZBpqV42hem9Zpai0ctbBZAV4nChdimYeVAiLxze-ouRui2SMssocodsU5f2Lfp8NMpXVd7meseJaJR-A1ifA8PBnA0WJeI_ZpNkRwSsyhiz-1k3RkKxraBuHpGHsGx9JJUIPGiZfuqHyXuI=w100-h134-n-k-no"
"Lăng Chủ tịch Hồ Chí Minh","2 Hùng Vương, Điện Bàn, Ba Đình, Hà Nội 100000","https://lh3.googleusercontent.com/proxy/0jHwpqY9tkrLhDS3t_mBBYFFxV1czW0AeBrN4NF2g1CnkEYauUITexFyEpdGNzhI7B4cPXk3yhGebwgURQ9oMPpDOpxhWGc7obQJD5CvNOmpyYnKuhFtf-x5jkDn6lzCNPEYCWHUum92Km-PxBOTBZwZCWg=w100-h134-n-k-no"
"Ngũ Hành Sơn","52 Huyền Trân Công Chúa, Hoà Hải, Ngũ Hành Sơn, Đà Nẵng 550000","https://lh6.googleusercontent.com/proxy/tId22fzg40ox483EAub4uaco-TrqXifQefj27NSohzZF6ODkDzc9NpRlHOUAyQw9hcccwyxs_gWDzGq25ARWKGLSugEl6P9sMr1Lpoo7mK18h549lvw9omTUWCxFaNyQJd_cGgMqbwwI3-P8pibbv06L8Do=w100-h134-n-k-no"
"Phan Xi Păng","Lai Châu","https://lh4.googleusercontent.com/proxy/j7X2ZaJrxZwYpR6MOjWcrU6r6MZwNGI_lrfZUXcZXJLJC8M82ifIr31HEYYUSyziq5CMwq6s3t1TbDSgjE4HWOkkKJgcaTmCdhq4uzTfcchuz_GxaOi5QC0KiDTz1_I-vGzvAMBCfjcnv0d028WgAcCFAf_GaBKyQgI=w100-h134-n-k-no"
"Chợ Bến Thành","Chợ, Lê Lợi, Phường Bến Thành, Quận 1, Hồ Chí Minh 700000","https://lh3.googleusercontent.com/proxy/3QdUY1JVy3RjoM1vwEkwDgrVl5i8tIddE7uK7nkqwErBhaE-j84bI8uWcuLvNuHRhH6xph_cbOFdkreG58LUXaMCOFz8G1wuzwKtMv59hGKT0OYAN0h3u74ouuAxcINQ1EO_kUZyzoV01w53iKi2JNp5cUM=w100-h134-n-k-no"
"Dinh Độc Lập","135 Nam Kỳ Khởi Nghĩa, Phường Bến Thành, Quận 1, Hồ Chí Minh 700000","https://lh3.googleusercontent.com/proxy/WmWpg8u0PG7XueWNupiIDCrQDLKBI603o8JM0mR4Jl81lbDRNlmraSDLKUerTqwLT88eT5qQXQmOP8x9Qh_beT3NbSyCBw0FbePyK6YFTHuXVYrGY0kde8MJmsZnDBvzxR7yX_kqPspbrhOZyETeXed4hYE=w100-h134-n-k-no"
"Chùa Bái Đính","Gia Sinh, Gia Viễn, Gia Sinh Gia Viễn Ninh Bình 432449","https://lh3.googleusercontent.com/proxy/Js3XVfmA70Q8C4-Cd448LUhCfaGpznPHQyni8wXRsBW9_hVNvVydOMC6a5MwbLAqH4h7gn6i_gt8ZhJh8YkSOtjPY7LId-NU4OJeTYZLNSZgI4X4xO_FzTjPZNaTYw80WxFAgDhGolLQykuoomRTjb7p0Ec=w100-h134-n-k-no"
"Thác Bản Giốc","TL 211, Đàm Thuỷ, Trùng Khánh, Cao Bằng","https://lh3.googleusercontent.com/-0sNfROqgQ2A/WqSflagjoOI/AAAAAAAANrg/8-NKFL44G-cE-mthKPT8iyeMpAfBZ8CRwCLIBGAYYCw/w100-h134-n-k-no/"
"Đèo Hải Vân","Thừa Thiên - Huế","https://lh4.googleusercontent.com/proxy/o0SgDtXwYT6Wjy-i7eVYL1_GsuPPFZgUnQ1NMweotZBABfvoaguk8fxVL2EsiIWVrCvE71G5wIVUQ3j3vVc5UkpEAn3CMMabePot6_RacaPhw3x_1_hiPiAgojUhcBHjam-oXfRaJAfWTrXKJB9NDyB9A4aDlcC-Ayc=w100-h134-n-k-no"
"Côn Đảo","Côn Sơn","https://lh3.googleusercontent.com/-TjrT8FUTMQ8/Wqqoa7ADbhI/AAAAAAAADgU/OpM-fmEa0k8C8GCh0S_VduWteoSQhSG8ACLIBGAYYCw/w100-h134-n-k-no/"
"Nhà thờ chính tòa Đức Bà Sài Gòn","01 Công xã Paris, Bến Nghé, Quận 1, Quận 1 Hồ Chí Minh","https://lh3.googleusercontent.com/proxy/Py5jjBH2ZErnVjcf_1acJCQgJ57ZHgUEhkLLlCA9DTKRp-EyhfQLhfHDx7jSsZJGV_orgwIHi1Jsebi5fcADeqLBYnP1r2PkUmSws2yKaNtUjDALbxFfF1eWKuADkL3X5J-yYA114OAf3zE51y7YhJv4ptw=w100-h134-n-k-no"
"Bảo tàng Chứng tích chiến tranh","28 Võ Văn Tần, Phường 6, Quận 3, Hồ Chí Minh 700000","https://lh6.googleusercontent.com/proxy/0GlBASg1cmLcTZxrzfm8yQDFPycs23ncalbHeEoTs4uZKzQs7u_htYTOixCls4rlS91t4kcoOfvhh3UClilZ0iK4pRz0b14Xte26qHxPha9NqDDCzWcRp2yES6qaiiLOViJI2-2YKaROcIhZZRBKnZwpKLI=w100-h134-n-k-no"
"Vườn quốc gia Cúc Phương","Nho Quan, Ninh Bình 432857","https://lh5.googleusercontent.com/-52tn6EtS0IQ/WlznEcAKTkI/AAAAAAAAiNA/hn7N4qDYjbklPJI8RkYQ6pp-bpVJi1CjgCLIBGAYYCw/w100-h134-n-k-no/"
"Chùa Cầu","Nguyễn Thị Minh Khai, Phường Minh An, Hội An, Quảng Nam 564010","https://lh3.googleusercontent.com/proxy/eOt1nX150qG1CjsTx5Qoe1xwKobkAqxXNTfxAKRh_fq8dKv-Pk6q2t0TYXkEVhwD3kTdidxp5s9BHXLHHmZ1s5amLeGuXqGnPiQJVSo0C686UrThABBEyzx1dyKiAyGZuaz_VBeIB_3ahhKkwdJIDWnXQJ4=w100-h134-n-k-no"
"Bảo tàng Nghệ thuật điêu khắc Chăm Đà Nẵng","Số 02 đường 2/9 phường Bình Hiên, Đà Nẵng, 55000","https://lh5.googleusercontent.com/proxy/66jmmiRcElp0wSybNVwb_8KxzKj__RtfjlIsw_mL8z9k8GdGKMpgufMMgnYEyNIpO1KnQvSvwF6q4zI0hm3wk4RntWIiHFGDQtITbeIQ_1h4Ik0EOHOC6WOQBTvqP2kDblsD-zA763P8LHxBGea2IkKPWyY=w100-h134-n-k-no"
"Tháp Po Nagar","2 Tháng 4, Vĩnh Phước, Thành phố Nha Trang, Khánh Hòa 650000","https://lh4.googleusercontent.com/proxy/u_VMyweaOeebccWIXk6hoQsnR5ha4yfKxjYtop84pas_lj19jqVRNZtobblGnEo3Us9f8XkF7_Mg2jmZN8gv-74WmnXUBdSq3mSMYpUZ5rjiM_j3NX10dvvqXnewvnti283Vv0ufGhtTLsGRneuwMeQ6Ma4=w100-h134-n-k-no"
"Động Phong Nha","Sơn Trạch, Bố Trạch, Quảng Bình","https://lh4.googleusercontent.com/-l4FDdvRsKAQ/WcPZrWtzYbI/AAAAAAABKbE/7tPIeQZNkIYDvheskyyEdFWCAT3QhqTEACLIBGAYYCw/w100-h134-n-k-no/"
"Chùa Hương","Hương Sơn, Mỹ Đức, Hà Nội","https://lh5.googleusercontent.com/--A5FUa85R8o/Ww_cT91btCI/AAAAAAAAHeY/DmmVQPiEjq8PzbM152kJfz76Xr5dKy3SACLIBGAYYCw/w100-h134-n-k-no/"
"Hoàng thành Thăng Long","Số 19C Hoàng Diệu, Q, Ba Đình, 100000","https://lh4.googleusercontent.com/proxy/vYQszO_vl3OSFmXvFgnxUo40bVGxuF7FQW9Rhe_B0CjJtBtnYidlkxMJd_7SsouORXTBg8zQLyqb-XxAyAP-YyirRN4G2dLOA3SnqEyA1eQPEzeIDewpZrTxiqz8x32mHWkBfBup8BZboauZiZNgU16TXzA=w100-h134-n-k-no"
"Bưu điện trung tâm Sài Gòn","Số 125 Công xã Paris, Bến Nghé, Quận 1, Hồ Chí Minh 710009","https://lh4.googleusercontent.com/proxy/Bg2gVY52ngOW5rZAAaVaQPuZyz72OlApx2xFV1J0-srvCaN6bXmabL_AcRGmbzyc-bn9SzpBu16hhuSn0DWmjKV_KrLPC0LZnzS8FLL5z75OeOWzKJN8rOIfa0qhgj9gaIlW5Bk2uJat_Eg9Oueqew9vuv8=w100-h134-n-k-no"
"Chùa Một Cột","Chùa Một Cột, Đội Cấn, Ba Đình, Hà Nội 100000","https://lh4.googleusercontent.com/proxy/PyllI8M9l5mHX1AEhCtgkcB7bKZ7t96nGm5FOzOAEHcCYt4HEPv6P5u7347ifSUb60Cg5svKlg1Bhjpdfq1Xk92v9UG6BSCrSAy-iU1vQeODp-4xd0hy6apo5rIOQzKrP3M4qBmB2QIF2Kn3vJaj8FpRDu0=w100-h134-n-k-no"
"Đền Ngọc Sơn","Đinh Tiên Hoàng, Hàng Trống, Hoàn Kiếm, Hà Nội 100000","https://lh4.googleusercontent.com/proxy/6risHWftd74faVGFCLYkzwBRmvw8Zxxw9cg8SaXx6M6P8kTKEMtCH73Tz73gjwKWdam5Fqls-uerrtLZcMwPK1vKsUmMwdlWecGVaD9sW8kHfqN2sEThvQ9kmDCjPEh-OlxDHN8zNkP1zkRgXt9R2IO0zrY=w100-h134-n-k-no"
"Lăng Khải Định","Khải Định, Thủy Bằng, Hương Thủy, Thừa Thiên Huế 530000","https://lh6.googleusercontent.com/proxy/-pzKJ7oYd99bCgYQWhyHOIzvuS5OM2_l0J80jEfUC3hqyakQgVoqPZ5H8Udy5dXh2B3ML_gq9EN6-t37oxU8IsqN1bhbl0yPu_W2sRRWkyg_qZ-VscnLdRumH-C136sFXVEzNWKctlj5S9FfAmwlvOk-DQo=w100-h134-n-k-no"
"Vườn quốc gia Bạch Mã","Phú Lộc, Thừa Thiên Huế","https://lh6.googleusercontent.com/-2t4zU_W50Pc/WV90cCDsE7I/AAAAAAAAH4E/9KLNOjdCYWo0TY-RMYY251tnvKpzENDgQCLIBGAYYCw/w100-h134-n-k-no/"
"Khu du lịch Văn hóa Suối Tiên","120 Xa lộ Hà Nội, Phường Tân Phú, Quận 9, Hồ Chí Minh 700000","https://lh5.googleusercontent.com/-iwaHBGmx5wg/Wo7JIBzbMsI/AAAAAAAAZyg/5hDKJ6pP3Pw-L7w_FLsvoiBCRvReIIFiACLIBGAYYCw/w100-h134-n-k-no/"
"Hỏa Lò","1 phố Hoả Lò, Trần Hưng Đạo, Hoàn Kiếm, Hà Nội 100000","https://lh6.googleusercontent.com/proxy/SIJ64ExzLOk3clSPPRWQkLbfl3bMTCJ4FKQDN5FOjYJPrNkJ8Ao5hbmg1MGO4L7SPYk02YxTOJHun4rEOmZ4RAEsLK411_ZdCLFIjN1Wn613-Bqr-wRuzeXOmakacQnMNuJeA51HFUj_y8OQsPEaUjdTEX8=w100-h134-n-k-no"
"Bảo tàng Hồ Chí Minh","19 Ngách 158/19 Ngọc Hà, Đội Cấn, Ba Đình, Hà Nội 100000","https://lh5.googleusercontent.com/proxy/sFhOiOzjgnn5MACOZ3Lb1lJRiMrwUTjNYXGXhWtAzhxPb6dALsZGo6vJQf2gdX8P2W3HpONtZkCV84xv9N-2BmGxl4pWqgWLfdJ1exGE-xkKC-26WwqSyUU3EQndYnA_4IXggqZscsJxfMfw7p3sXg0OClk=w100-h134-n-k-no"
"Vườn quốc gia Cát Tiên","Tân Phú, Đồng Nai","https://lh3.googleusercontent.com/-jyNj89GTnCc/WtwskkmcnPI/AAAAAAAAAkc/Y_MPlWibkasV1mhPEFcz6stg4kkn4bwLgCLIBGAYYCw/w100-h134-n-k-no/"
"Chùa Trấn Quốc","Thanh Niên 巴亭, 100000","https://lh4.googleusercontent.com/proxy/MN4DfEGfbp-y4UwpiiyIyw5t7nd6JE3u_XhTIqEAs9-smZ7cecJHyyc0E1RXDJ12qEkkOJ9USzVV4YgBwVTeO2xonsPXVGvSTAHbo_K1NuinYfhaLhBapW8cq51ifuHiOMLZDMxmvfdF3icaqOGvZgtA-8w=w100-h134-n-k-no"
"Nhà hát Lớn Hà Nội","01 Tràng Tiền, Phan Chu Trinh, Hoàn Kiếm, Hà Nội 100000","https://lh3.googleusercontent.com/proxy/kt1RD0py0YlGr49dv8ZslIx3mwsSojJWk_hTv82pNF8yp-VfBhITHHj57H9FL5UF1Htmv4h4XcDrF1JwaiJ9yU1I3qe8tUxQZZ5HuKPLbgFdAQie0XxlCkhGxf0LcNfHkHR76NzAw5sVlMv1Y7E8yoMaDUk=w100-h134-n-k-no"
"Vườn quốc gia Cát Bà","Đường xuyên đảo Cát Bà, Trân Châu, Cát Hải, Hải Phòng","https://lh3.googleusercontent.com/-5dsfkiBQ-Ew/WhJMHXPJ7_I/AAAAAAAACOQ/vnyVwPNgbR4kGYtQ3HpvHW1By39y6okQACLIBGAYYCw/w100-h134-n-k-no/"
"Tòa nhà Bitexco Financial","Bitexco Financial Tower, 2 Hải Triều, Bến Nghé, Hồ Chí Minh, 700000","https://lh5.googleusercontent.com/proxy/Jxj-gIzkBCNYdVJc3uHCCwS_38Os5HsP138CuVyXWi9amDcAnCCe5EO6tJ5WP1Khu7oCU9F1AaOD_cZ-soKGmMREkfX750uYsw4y4709TQHHsjQ5-zSe1l9mjo6Hi983mIFd4_UeTIm_CAO85zfWisSe32k=w100-h134-n-k-no"
"Vườn quốc gia Ba Bể","Bố Lù, Ba Bể, Bắc Kạn 262934","https://lh3.googleusercontent.com/-MDFy_DxIpm8/WWlp7OPp4HI/AAAAAAABzZY/4u4q1TBDCycxcnLCnDlB9lr78cVwNrWfQCLIBGAYYCw/w100-h134-n-k-no/"
"Chợ Đồng Xuân","Đồng Xuân, Hoàn Kiếm, Hà Nội 100000","https://lh5.googleusercontent.com/-3oiIzf-bzSA/V90h_5pWG2I/AAAAAAAAMB8/O_L6XpwiUUcWtUWhobjfJAWVb_U_yaFkQCLIB/w100-h134-n-k-no/"
"Thác Kuang Si","ຫຼວງພຣະບາງ, Lào","https://lh5.googleusercontent.com/proxy/sdBKdJ2hCOK4auR63cNjYo5A0NoS5E6a6cn1whLwsTfvx7bH22xjmhvBYPFJUGhSQA8AvtldWh4lGx-SgW0gmkd9uJOTajjtPj-EnYaJNG5LXZmLG6ra93l0K5jrFRWv165mxcsocLgSKbRF-utuSgXcXQs=w100-h134-n-k-no"
"Mount Phousi","Luang Prabang, Lào","https://lh6.googleusercontent.com/-IZX8LP2_FTU/WLdEQfXghdI/AAAAAAACxsI/qyg8BQMstMYP11-oAoOZitTYxQrVQ3bSgCLIBGAYYCw/w100-h134-n-k-no/"
"Wat Xieng Thong","Khem Khong, Luang Prabang, Lào","https://lh3.googleusercontent.com/-GOKlz4qGYPo/WEq0bWRpF8I/AAAAAAABlxE/MWJmFWiK5ncUWFrMSLh811Q0XnLP7LGvQCLIB/w100-h134-n-k-no/"
"Wat Phou","Muang Champassak, Lào","https://lh6.googleusercontent.com/-4sxaH9pPW6s/V_MX6AvGwOI/AAAAAAAAVYo/LyFMVtfcAH8x63wI0j3xCp-ETEaOcgNUACJkC/w100-h134-n-k-no/"
"Thạt Luông","Muang Champassak, Lào","https://lh6.googleusercontent.com/proxy/hiVZAXRk1WZAelqIqlLxj72l8oPB_ShcQhQDvE5F9OCmS-ZBzcLhsd3H6D4cj1yI4Q1l66S8eRfFs_HbU8eknjdLyzkliP81qE34yTF6foHFAN1JvOKvEH_qDNmJu0pFZspxz8f-VmnKdL9mE3ssHz-dwZY=w100-h134-n-k-no"
"Si Phan Don","Lào","https://lh3.googleusercontent.com/-Bf4eKReHlcQ/V6XDSicRXeI/AAAAAAADFtk/bRGlz_E3JZQAc6UAxOsOPbUi5nG1csBNACJkC/w100-h134-n-k-no/"
"Patuxai","P.D.R, Vientiane, Lào","https://lh6.googleusercontent.com/-XACxbgQ4enA/VxD6FBaaInI/AAAAAAAA7lg/DewEPqKNhxss0gf4fO6z7uKYullXrX2rgCJkC/w100-h134-n-k-no/"
"Buddha Park","Deua, Thanon Tha, Vientiane, Lào","https://lh5.googleusercontent.com/-xAUXS3nYkrk/VyG6OmqBsqI/AAAAAAAAAvM/Sw3j071ZKfEkrv44ujF7uAlnx_Zov6aywCJkC/w100-h134-n-k-no/"
"Royal Palace, Luang Prabang","27 Ounheun Rd, Luang Prabang, Lào","https://lh5.googleusercontent.com/-BKs9BxD8q8o/W1I5Q5jmaOI/AAAAAAADjkY/-NgjX3wHZvoz-uGaj-ilwFoeV80JvhV8ACLIBGAYYCw/w100-h134-n-k-no/"
"Phu Chi Fa","Phi Pan Nam Range","https://lh4.googleusercontent.com/proxy/3_monwcXNk-ltTTwIgyKOUN5EdFljkPyf5wMVXlRKAn8xuJRbmKkik01ubJBhb8OJRHpYH5AjDUSPUEvFOBjOXNtN0pa5G9heHgYLVF2-zF68xmAY1nTQNuJImEGTfNTovdEOt8yRW1CyHyZDZqNa5bMMeg=w100-h134-n-k-no"
"Wat Si Saket","Ave Lane Xang, Vientiane, Lào","https://lh4.googleusercontent.com/-tbKJ0ks3J5A/Ubbj9CqtwNI/AAAAAAAAEwA/MREC3WTw2rA2HBez9hdgh47dZkGxWUHygCLIB/w100-h134-n-k-no/"
"Wat Mai Suwannaphumaham","Luang Prabang, Lào","https://lh5.googleusercontent.com/-JB5dX_HkcDk/WL8PegOM3bI/AAAAAAAAPQM/BLglw7J5ItIvAEqFt6VMphSsN7_AfDUsgCLIB/w100-h134-n-k-no/"
"Chùa Phra Keo","Viêng Chăn, Lào","https://lh5.googleusercontent.com/-EY1HjU-dlpk/Wbn64f0Z9BI/AAAAAAAABhg/Z_zYCrpUXQUK_bU7mSmryG_qtvK2kNOHACLIBGAYYCw/w100-h134-n-k-no/"
"Cầu Hữu nghị Thái-Lào","Friendship road, Mueang Nong Khai Chang, Lào","https://lh5.googleusercontent.com/-WpMmV7hBMp4/WGC9QJlLWdI/AAAAAAAAMss/pBxXyiycCuASEX2pmWrz7haBJG8PwJCsgCLIB/w100-h134-n-k-no/"
"Wat Sen","Luang Prabang, Lào","https://lh6.googleusercontent.com/-nI1rqrRss5s/WEeyNc3usWI/AAAAAAAAXKM/03gshodj4NIv09iBJqiJe9ftA-GEK-OhQCLIB/w100-h134-n-k-no/"
"Tat Sae Waterfalls","Lào","https://lh3.googleusercontent.com/-9y10aKcddfw/WTqtScaUU5I/AAAAAAAA5N0/Z8a2lyYLFioXWFCzUS6bwrIzoh6C1QvPACLIBGAYYCw/w100-h134-n-k-no/"
"Wat Si Muang","Rue Thadeua, Vientiane, Lào","https://lh6.googleusercontent.com/-6ryO_impRjw/Vsz1QGqkDPI/AAAAAAAAKhM/39Atm0P2bcc1EuzhyeH3KKeqMtvK1DELQCJkC/w100-h134-n-k-no/"
"Thạt Đăm","Viêng Chăn, Lào","https://lh3.googleusercontent.com/-ZdTlRAHp6Io/WKKMvWQspaI/AAAAAAAAjrs/VpPOQfy4mwso9rMwSftFYfBDEiHL6PZvQCLIB/w100-h134-n-k-no/"
"The Traditional Arts and Ethnology Centre (TAEC)","Dala Market Ban Khamyong LA, Luang Prabang, Lào","https://lh4.googleusercontent.com/-5OT8Kmgv8oI/Wlw8lCHopXI/AAAAAAAAKHU/ly7WMyVfRlQFvRRehzY_Ne2e-jTPogylwCLIBGAYYCw/w100-h134-n-k-no/"
"COPE Visitor Centre","Boulevard Khou Vieng, Vientiane, Lào","https://lh5.googleusercontent.com/-nc81DW71M08/WQWOzWfIwTI/AAAAAAAACHs/DMgCSb6xJMMubjEoJRDlXv0ZwlxUoZSfgCLIB/w100-h134-n-k-no/"
"Gibbon Experience Office","Huoixai, Lào","https://lh4.googleusercontent.com/-q8HvQ4BvEH0/W0XmiSBFbZI/AAAAAAAAdok/0oB75fxKJNMRGN0mVurxAEDP41mEczE0QCLIBGAYYCw/w100-h134-n-k-no/"
"Dara Market","Kingkitsarath Rd, Luang Prabang, Lào","https://lh6.googleusercontent.com/-5HwVVQNGZSw/Wy06lGuOFVI/AAAAAAABWV0/mIhpJkVYgzcfYo72SeB2Ypr2XuV-TzlDgCLIBGAYYCw/w100-h134-n-k-no/"
"Wat Chom Si","Luang Prabang, Lào","https://lh5.googleusercontent.com/-L-Ek_f7S2yg/WTOZbF6DJfI/AAAAAAAAMPA/a4kodG8W91ohnUSR0ATiFcWXA_6LGFCoACLIB/w100-h134-n-k-no/"
"Xe Bang Fai Cave","Khammouane Province, Lào","https://lh5.googleusercontent.com/-ZIj1YYKWSSg/WKSlsuYUinI/AAAAAAABDjs/xMO-NbdtGmkscGzrUuiGpbU5Ey-VHmZKACLIB/w100-h134-n-k-no/"
"Chao Anouvong Park","Viêng Chăn, Lào","https://lh4.googleusercontent.com/-SP5WOMRxEdc/V6yaEcz6VsI/AAAAAAAAEWY/kuf4BB-Mgg0RQzbmj-5Vpz6MynN5Eh5NACLIB/w100-h134-n-k-no/"
"Don Det–Don Khon railway","Mekong, Lào","https://lh3.googleusercontent.com/-BbdUX7CaVOI/WRZzLSPCN4I/AAAAAAAABnE/rbvHIme9xiQvNCAFmfLavIZN6ZkqprmwACLIB/w100-h134-n-k-no/"
"Tham Chang","Vangvieng, Lào","https://lh5.googleusercontent.com/--4js4zP_XyE/W4YxfAe5ljI/AAAAAAAARFo/FFni2VpHL3UPwCIm7YYuKDuYrDU6LGBGgCLIBGAYYCw/w100-h134-n-k-no/"
"Phou Bia","Dãy Trường Sơn","https://lh5.googleusercontent.com/proxy/2NmuJW-3SrXI0YiGYynyhXsz-9nuW4BvjpGUDQxFmFLI5b-NFzEh9RHtS5jG4x8Vz-tp4t6GUGk18b75AW5tPV_AdWIa6IPqFx-yz4WhEymW6nQoUbrW60Se3xXhOgp2C1jp0v-hs__SjIartGALcVFylceqBJdw0ME=w100-h134-n-k-no"
"Wat Mixai","Rue Setthathilath ban mixay, Hom 8, Vientiane, Lào","https://lh4.googleusercontent.com/-yNupsI8vTvw/WLwd4TqQnDI/AAAAAAABmMA/FI-algAsOrUZPtfuYTGimH1vek7_6hUcwCLIBGAYYCw/w100-h134-n-k-no/"
"Phosi Market","Luang Prabang, Lào","https://lh3.googleusercontent.com/-doqM6ZOTD80/WsR4yQe0kgI/AAAAAAAA31k/FRY2mP9pN4oYN15pNS7cPTBHKqPUFpabACLIBGAYYCw/w100-h134-n-k-no/"
"Wat Xieng Mouane","Luang Prabang, Lào","https://lh5.googleusercontent.com/-aOMdmq6ypJs/WIM6TWBSjxI/AAAAAAAG86E/cOp-c7Bpw08LP9qcRtmd_EFsQj8lJybOACLIB/w100-h134-n-k-no/"
"Wat Pa Phon Phao","13, Luang Prabang, Lào","https://lh6.googleusercontent.com/-NGJrMqphEOM/V10ohkxPXiI/AAAAAAADHTQ/vBUDENn8CQ8qpGMBUY5nXjyhYpaBdjDKQCJkC/w100-h134-n-k-no/"
"Nam Phou Fountain","Rue Pangkham, Vientiane, Lào","https://lh6.googleusercontent.com/-jK8Ucz3NVUQ/WiiiTss4EWI/AAAAAAAAC7E/PItDip01dFUux8KUzQe5Vgy67c123g_OQCLIBGAYYCw/w100-h134-n-k-no/"
"Wat Aham","Kingkitsarath Rd, Luang Prabang, Lào","https://lh5.googleusercontent.com/-HvgSOMaaswE/UvuHD4C5tqI/AAAAAAAACzI/xzsnIxYkjWkQ2pmKJV7Q4ufJUNzqASlIgCJkC/w100-h134-n-k-no/"
"Wat Luang","13, Pakxé, Lào","https://lh6.googleusercontent.com/-fHdojfIM8R0/WJ2_DLBZmII/AAAAAAABL8U/QAdvYqasdbEZBU-xo5Wx9ZIv41nAX2BUACLIB/w100-h134-n-k-no/"
"Wat Manorom","Luang Prabang, Lào","https://lh6.googleusercontent.com/--NDeLeyuIy8/V1JnHNTPHpI/AAAAAAAAHgA/wCcrijY365E_cdusGplmB51HGcz6EKwMACJkC/w100-h134-n-k-no/"
"Mekong Smile Cruise","07/152 Khemkhong Road, Huay Xai Neuah Village, District,, Huay Xai, Lào","https://lh6.googleusercontent.com/-OGYUOdc-cF8/WLrsO6RL_LI/AAAAAAAAATM/vPsf7151tCQRP8hAT5GjNYMJfS-KkZulACLIB/w100-h134-n-k-no/"
"Vườn quốc gia Grand Canyon","Arizona, Hoa Kỳ","https://lh3.googleusercontent.com/proxy/hK4nQn7dd8pP--OBh6IdTyM9IociFEux2A5fOw1grpAqAyUDhMwsP5MPUaa-M6v4B7plR5l5dEjfjoSLIY4PxKlv9oOvCbCEXflM2kU9qdIdBocU7aWFy-Ll5K6nNijW3r7uGUoRdkvuzO7FV4fH3HiweKw=w100-h134-n-k-no"
"Tượng Nữ thần Tự do","Frédéric Auguste Bartholdi","https://lh5.googleusercontent.com/proxy/q_fSOmqYvbQGUv7denYIrXTk5N0AdydTFjpp8XeFS2H9pthBAq6JysdZ-o2qYLMYz_-TPzSMZVXGEYesI9YkqG2Tow7B4OHlmUUajdFRAbxT6Bw3Ywz7NcIBwQ9Emj5U6BLJtSXNqn6rJV7DLr-JBEZM-3M=w100-h134-n-k-no"
"Vườn quốc gia Yellowstone","Hoa Kỳ","https://lh6.googleusercontent.com/proxy/Hmms1zJf8f3pWYznGrQjfLoki0JiPmOu0Pk5Ige1CPeH-s3qA4416Oq5eaNmQXPeNIBs9rVTX9OsB9z8D_JrlUxZbxyUlkrR2Ur7CiBe03mkxcjIDAchh5mDxUm7Sb0IPlYTnSFVUP62eMZ7Fo81cpSa3u0=w100-h134-n-k-no"
"Disneyland","1313 Disneyland Dr, Anaheim, CA 92802, Hoa Kỳ","https://lh6.googleusercontent.com/proxy/-kLpmahOFK-ydjeeKTMUUeta4VZ-T6XIyqQixkYnOGByWsvrTVtMivduU4pV7ZO_KtObhhRK4aDSQyCqGf8mV3smD6qmLnGvp_Mv9liOnIVEB4oZcYE9cQ050XgUa2yNHapj7z4xcZ5WVOQNMfHoebwXPdg=w100-h134-n-k-no"
"Vườn quốc gia Yosemite","California, Hoa Kỳ","https://lh4.googleusercontent.com/proxy/LZdRA_C3ajM6_RhcgNgD20OY_ZKsdWBSGjZJoNq4NinZLzkWNvuZD573N9eJZGpcahx5npht4QrVtaMi3Yh-z9_JCJo1tibxcX7bpRVbWSm678piqaRAYlC1vaLE-W2hlaOiAby3muyskYC3z6130zM8LaE=w100-h134-n-k-no"
"Công viên Trung tâm","Thành phố New York, Tiểu bang New York, Hoa Kỳ","https://lh3.googleusercontent.com/proxy/6XCk_ug1Wui9BxRF116JFrRYRj33xXP5HQXDNYNPdfAFtOXLZqz8AReBZXg8UB6clWEUryRTPpWPqZOMrb32Sj5Kg34mNPYiQGbmMtZXL9_Mhbf_XuMQUkXKFCWE-yV8RIdMwHdi3nIplKCIkAut4qdpPnA=w100-h134-n-k-no"
"Cầu Cổng Vàng","Golden Gate Bridge, San Francisco, CA, Hoa Kỳ","https://lh5.googleusercontent.com/proxy/i0ilPvAGLMBBjF-foWNlgrLQArjLbqLvZ27mqsL_-vvcUu3DX97qTNtuPWMDjvKtp3x-VyB7W3XRNrspd26RssxBW3o3o8a5ImGG2liEYxhWZ2ANhCDePBpbRaMKDgVsTKqO7Qk6uAHQOEE8aHshP4mKsgY=w100-h134-n-k-no"
"Walt Disney World","Walt Disney World Resort, Orlando, FL 32830, Hoa Kỳ","https://lh5.googleusercontent.com/proxy/eCgAon70f1qwwGjaa3JlYfkxr08XWx3gziHvyIUpJZnnBY3FyRAFXyikjwFcpknfwqc8psOrgEJ0ohYW65pLATfWztEMlUv7xFOiN_YNSN49PJ_kGdm0tUvgyKdJXI3vZE_LjdQEaaosvtl_4euNjif7GTI=w100-h134-n-k-no"
"Vườn quốc gia Zion","Utah, Hoa Kỳ","https://lh5.googleusercontent.com/proxy/_VWdCKmezwpbkO_2vP1uMiNE0iFBuldGi1mAGcX1YMaCX6HNE5i4a3laz2MIP8yax49f7GoyCXcueqSV3ZoF9QLmDwrSQAFQNrnw0hU2i08kANqGeK_siQ8KuvzNyH4LYgNjD2ism-zNCj-Vap8erFfLY5U=w100-h134-n-k-no"
"Vườn quốc gia Bryce Canyon","Utah, Hoa Kỳ","https://lh3.googleusercontent.com/proxy/OpFp3C65wko_euSnTtb7vktl7uJenWV9tcUzIjQYXLtD5mzoFcwfoFkhS-XFw7UUU9Y47H-LucKNd3jlCqbda1p41VdD1WB0XiEF-YXCSidlfLOWCXBIBt35r028UCaGnK0fVRKpl_8l90i2mavWVHbQHXg=w100-h134-n-k-no"
"Vườn quốc gia Glacier","Montana, Hoa Kỳ","https://lh3.googleusercontent.com/proxy/dyCM5V4T9k6vDXWvtylya02IVds_7NDZHWlxpxFeeOF-fP9U0hNtrn4RGVRN0P5WuzNyJ3bous_lKw9z1KwHMM7le9m5KB4ch04FzeyMvrXaV_OyuZA3IrDPj6J94keseHRdkloYLeWUVb_MKN_5mHq4hic=w100-h134-n-k-no"
"Vườn quốc gia Grand Teton","Wyoming, Hoa Kỳ","https://lh4.googleusercontent.com/proxy/zgqjpac1alOuBhKsWtUeHmAX0EX6gIbK4NAIX-ufz3R5rOPqkHAoARDwSgShm8cks7ZfISCqPm_YZdsw1g7WgxFvPLWycQlkMpgyArvBZn654ij0wRpnrHMkcW9owF9H4dIeaaiaEmKxl8Yi6VWX5cv-uQU=w100-h134-n-k-no"
"Vườn quốc gia Arches","Utah, Hoa Kỳ","https://lh6.googleusercontent.com/proxy/PjksgMBHKLbsZ1V4cwJf3jSDtBlZJSpfXdOFOUkn7oECBdRsw8DLVUl9pdstXOyaXrEU09_gt9Oh4aYLga1fSsBX9kgkR-TCIOouE1U_ih2kf9njUlxY7xKWmdYz2diHWdXWrhjxZJaC0GqjEtSXc5fxsms=w100-h134-n-k-no"
"Tòa nhà Empire State","20 W 34th St, New York, NY 10001, Hoa Kỳ","https://lh5.googleusercontent.com/proxy/B0kWXNolk5vx7ZMrGGN7WhrsCFh5_4wpkl-kq-zwaxESa1vrdRBlPkSeZUKg95RICURwFsedEhFup_tqhRrrY03Gwg2rh-dN1vSYiy2gxShamD5OXADzD-nxtPoNUkfuhPiz_mXQTKnFJ02YMIye-tyKGTM=w100-h134-n-k-no"
"Sequoia National Park","California, Hoa Kỳ","https://lh4.googleusercontent.com/proxy/0-gPgIs4134nmOJfA7vi2BAg38_-xH-kNC0uXXpPom4UeFSAVR7w6vIz-avArjIq7QbZijYX08bDhibaONPXadxn4g0DRxRJW1dNqRLvOcTmGtAQWudlPcmp5eCDrGXc-5XxDUT_JIb_YP-A0mXrFO2RmHo=w100-h134-n-k-no"
"Universal Orlando","6000 Universal Blvd, Orlando, FL 32819, Hoa Kỳ","https://lh3.googleusercontent.com/proxy/-P5qxdkJ37B7RRiuovQqQ_l4F3nOwDLbY-l5zRJUuNT4VZj-fjAF2_9B4PLIqM-Q-vp27XqL2IiQZ_0QYkKp_ZABoLTZcT5AA_kroRkJ7DfVyrg6nnewYj6RLAq_JG6rr6-eik-HLI1gt1q2mmPBGw1SyOE=w100-h134-n-k-no"
"Vườn quốc gia Joshua Tree","California, Hoa Kỳ","https://lh6.googleusercontent.com/proxy/izUG5wnIgmk1gklilVZovby-xZngt8J7g7vImBlHv5aiKkzqX2C6aOidI99m3frWrgOtEevnrTNkPex2iZROFWr4B4acIyTyio4OHHmWq_BkQJKzYJg_nfgmRcXjLNiWY4jM6GpS_Gcyr9Dr2dosBSgKe6o=w100-h134-n-k-no"
"Universal Studios Hollywood","100 Universal City Plaza, Universal City, CA 91608, Hoa Kỳ","https://lh6.googleusercontent.com/proxy/zZEaO_4H1cgneiALHguhab0iPRTOyKIMuifAsWsMyE6huceY3VnnQ4-WiijL-pdqwa7eJf16V9_ZXsMrLBbPKecOKxsktufjePJKoke7UFVR0GEUnyFgpsIZ21CketRIqyUwSelGFXoPZW1R8QJCUAddK4g=w100-h134-n-k-no"
"Vườn quốc gia và bang Redwood","California, Hoa Kỳ","https://lh6.googleusercontent.com/proxy/-C-aUy9QCqFi3GW-vxm3DXFvSMSE3lnRxXAfQqFyWiKYDSCN06yMCgn1Oo3xjzW93I2LyY8DRIzPUFkQOixY7YqDo_0mqJpiEZZ4lY9S2AUsVfBIexMHyUh01szy9jL0QaSg1iFxry19ZDPfCjpNALvj9qo=w100-h134-n-k-no"
"Magic Kingdom","1180 Seven Seas Dr, Lake Buena Vista, FL 32830, Hoa Kỳ","https://lh5.googleusercontent.com/proxy/wW8s2ZiQb2F5whglOzlfGW9_MylZA7BpCgxFJoMmUscDCQM_ClytlScXUVrLDxWu2_jxO-nTxy6E8gxyFW4f5SV2b-QtPb_8cBtwPqPeJhRD0r0PrWYgRhgX3iSqkyPz_9xad44yESRfO2hconXjCeBxWTE=w100-h134-n-k-no"
"Vườn quốc gia Thung lũng Chết","Hoa Kỳ","https://lh5.googleusercontent.com/proxy/1y4MfArS46KnK6dcFc5n3pCOGoMEia_tdN_-i8ax44GCxgqq9GheGOUaam8vD1dK1JpUiAQlEONUHqrrrZPu5B1kP9g601StV1StA9YsavjIZzd5UMi3JCtJd5_4-sLyTF0aIoJn0MULeLkzqz92s5h8J_4=w100-h134-n-k-no"
"Đảo Alcatraz","San Francisco, California 94133, Hoa Kỳ","https://lh5.googleusercontent.com/proxy/-0w0sL6n6yjFAcxRf_UBYMjrZDqDXgKoeqlgyHkTD9z2ghgPT854raRPyaXr8__JA4aqOZTVV-ZK5QtdrJjw8ezThiEhGCK2WM_mbBApTnhuhV86HksTG2bvqU-jas_KJlWP3xxZzND9NaSiQlfWXcDcp3U=w100-h134-n-k-no"
"Canyonlands National Park","Utah, Hoa Kỳ","https://lh3.googleusercontent.com/proxy/lM-PxabF_NgKoVvu6Nif1sHE0mVMjCefBnxNFZot2Jpv2xHXjBW8vb6uZ4e5FAxDqewAbplUjr-EEgiEJvV-6WHVjA5GIqpoITFQJuYTF3eQWlTKY5llrtS8l7xYiF59gLHQwN_rZTQhdSisjGYupd3a_mQ=w100-h134-n-k-no"
"Quảng trường Thời Đại","Manhattan, Tiểu bang New York 10036, Hoa Kỳ","https://lh5.googleusercontent.com/proxy/IoB5ZfdQ8zUqQ2VkciAM3ioUmaWkEZTugxc37ORl_VFdRR16R0mo_BFyYgd9cJu6cL3YuEy-rRkxxDWYCYFMhLHGD0F7z0ipez0QApFlG2TGLzI-LOx-s-eJXHAdk47JmMXv0cw6u5OR4RCWi-qp1_XGh48=w100-h134-n-k-no"
"Vườn quốc gia Núi lửa Hawaii","Hawaii Volcanoes National Park, Hawaii 96718, Hoa Kỳ","https://lh3.googleusercontent.com/proxy/76zcs9XNXOnTMU4bIY4HonY5ZXnkBNFeSftp5_V78dKU7Gc7Aa257viS2JR_UPhQnoOrdgpZLC6VaFWRrx9Vk6ogRhwcbcuP3Gk0fKRaVWguG6lXb3GDfQF8feiTbAA7QNAtzWAmfOqLGYcIXHyzA3WiBmI=w100-h134-n-k-no"
"Viện bảo tàng Mỹ thuật Metropolitan","1000 5th Ave, New York, NY 10028, Hoa Kỳ","https://lh5.googleusercontent.com/proxy/rD2jG8tfN_DbHjeeZHSE3Ua4yxRq9quGZ4jT2WkTiydSoBH9jtUXuO56oShXZdo-BgFEvUOcdZeChGqqnCg7-QM57j_5ik4oV2BrjMfnrKyrGFEA__EVPu87BcOQfdaMcpbALkCr5CjEaxq29qRwOYG1tAw=w100-h134-n-k-no"
"Epcot","200 Epcot Center Dr, Orlando, FL 32821, Hoa Kỳ","https://lh6.googleusercontent.com/proxy/2eVm7wX2azbpazsmeh-yNQnoHS3uIlpGb9jWxTWCKWDmLCu7UyBrCcq63cuInLyCEahT4EAJ2o1q4IkUP1IJBL8WC58TiOPedu0wDOMk9cG9OrOkNmYKqHUuyDdtDLC4-OgZqfZnwmaEUSDWqSxjiv-YH-I=w100-h134-n-k-no"
"Rocky Mountain National Park","Colorado, Hoa Kỳ","https://lh3.googleusercontent.com/proxy/Dr-9h5skCHdBhJ8Wb-16WCgqjW6qP7tPfJKctWOZBq7XpFMOCCdwGdCoK_a7_Yml1xEA5PEMyXkOhZzHDwdnwkD0J2fZsLl8cSzZg9YLlFdVhAr55fVnHBgo-KtayqZ6j3Rk4QcbgRyRQqQrFjEwWB22-0A=w100-h134-n-k-no"
"Monument Valley","Indn Route 42, Oljato-Monument Valley, AZ 84536, Hoa Kỳ","https://lh4.googleusercontent.com/proxy/EpquxOseAZcy4uSalgBGRrQk7x2BIvE_dDb0Vu1_RF6KTuc5cQI9fDoHlPc7qrS4pirO7fLq3RZ3VdZKBSvVZ1RsYchXoNXA_YdTFZaakG17mRav3j79AFJlKMQLVLmd5xBJN2HI-_r0-q6Br7cSKKfphUY=w100-h134-n-k-no"
"Vườn quốc gia và khu bảo tồn Denali","Parks Hwy, Denali National Park and Preserve, AK, Hoa Kỳ","https://lh5.googleusercontent.com/--0IXUIorB-g/W5rlSWelipI/AAAAAAAAOKk/_ZeGMT8JvfQZ5hb2eWhPyXwGPhz6aJYAACLIBGAYYCw/w100-h134-n-k-no/"
"Vườn quốc gia Olympic","3002 Mt Angeles Rd, Port Angeles, WA 98362, Hoa Kỳ","https://lh4.googleusercontent.com/proxy/0iVNzfCL9aY0iEvDMv3jkmbhDmIazjNsHBhmUPVA2y8d44iBA5WY63eGfoqIjSCGcnJugdGMCgSvS14I0P24hXzuXF1wW7RuQx6i1LemOSIMtu-kKFH3WGkFhwy8vtYAcnc8BdZLeRXqkkOH5JhEtlbJhr8=w100-h134-n-k-no"
"Cầu Brooklyn","Brooklyn Bridge, New York, NY 10038, Hoa Kỳ","https://lh3.googleusercontent.com/proxy/M1rowRFCiRvlKZe_G8LeobvclwP4iMjEBmcaekAUhE6YHjqcxPgHhyME481lrc_mwrpX24Fdubrr9j7rPPtotJ33XBDIKh0331R7wVr5xE9qxSn1bA8HoW54j1mrdqrL3jiN0lh4Yke5OWMiKZZ__aX_mZE=w100-h134-n-k-no"
"Đập Hoover","Nevada 89005, Hoa Kỳ","https://lh4.googleusercontent.com/proxy/YBJbszZUAnG1v9xSYSLQP2lMbko8wnjHz4VvD7jiIaSqTliJbLgKSoYlbaFtrPRP5YC4XdU0axaBiw5HvZi3wkujt145PCGzoTW0mPJGYvv9RL694BbTTL-jAO2Lkb_0jcYZShj8fdKy2QsAnp2UV4NKCb4=w100-h134-n-k-no"
"Bellagio Hotel and Casino","Bellagio Hotel and Casino","https://lh4.googleusercontent.com/proxy/14SKdpu8py8f-tnlmE0z138jgzIKRgTbjKqDJLpKwfBf2LU9aU6hlh8OIEXTLfscFX52zfjpqTd7ETEyezc-yUBjy5Gw6M-rGmkSQFZwuEyDtUn-woSOZ3RL0AZFwuBZWcv8fAO3irk4DOcTgeiaywvzO40=w100-h134-n-k-no"
"High Line","Thành phố New York, Tiểu bang New York 10011, Hoa Kỳ","https://lh3.googleusercontent.com/proxy/H3QpEIyg4gUWdEsUVj9gct3NE4wcL7MprcwDcKtQg7xii-QI3sASfbcosgNaYTQ7MixrhDa4O5-0Dwrr5tlzQLgzEQ43ntR5qWHhhE4lxoRwumHbdRk0VaSaZ8VP3TzMjKR9EaHhrfGubOUSqRrITRTbmlE=w100-h134-n-k-no"
"Núi Rushmore","Gutzon Borglum, Lincoln Borglum","https://lh4.googleusercontent.com/proxy/E8l2v2dOEz2H2sFNDAwnLBQmK3k0Kx9q8hg30aL47QLUt4d8MBqS6VIAHiC0S7yNjhJCVfGzMBYecvEwS7u9IXMuamEtE6_jPFetO0q2ULWi0El3Gng0jS_fDC_zfqYyjN5L2Hu_ODu3HXzX0WJqvx6IRK8=w100-h134-n-k-no"
"Rockefeller Center","45 Rockefeller Plaza, New York, NY 10111, Hoa Kỳ","https://lh3.googleusercontent.com/proxy/KtzCaLICNn3yDesHPrCjF0w2NODH_aXPZ8id8HgSnng7UG6Oucd-rMiq5bz2OWJwJt70JeAShXcxnLmZkLI4wgeGdqgTqUu8UoKpIn-GxNZe8mQrx9C7fKWJ8u7OarVDkUBIvjI48bMmXG6i6uQOvPRWX8Y=w100-h134-n-k-no"
